Number,Gender,NameSet,Title,GivenName,MiddleInitial,Surname,StreetAddress,City,State,StateFull,ZipCode,Country,CountryFull,EmailAddress,Username,Password,BrowserUserAgent,TelephoneNumber,TelephoneCountryCode,MothersMaiden,Birthday,TropicalZodiac,CCType,CCNumber,CVV2,CCExpires,NationalID,UPS,WesternUnionMTCN,MoneyGramMTCN,Color,Occupation,Company,Vehicle,Domain,BloodType,Pounds,Kilograms,FeetInches,Centimeters,Latitude,Longitude
1,female,French,Mrs.,Roxanne,G,Garreau,"4 rue du Général Ailleret","LE TAMPON",GY,Guyane,97430,FR,France,RoxanneGarreau@dayrep.com,Suchibiant,zoit4Hieb,"Mozilla/5.0 (Windows NT 6.1) AppleWebKit/537.36 (KHTML, like Gecko) Chrome/47.0.2526.80 Safari/537.36",02.03.41.33.71,33,Voisine,8/30/1940,Virgo,Visa,4532650833355085,962,12/2019,"2400809317251 92","1Z 997 251 04 6318 595 1",3320342367,62648496,Purple,"Passenger service agent","Master Builder Design Services","2004 Mercedes-Benz C",MexicanRoofing.fr,O+,213.4,97.0,"5' 5""",164,45.751263,3.09124
2,male,French,Mr.,Joseph,C,Richard,"68 rue du Faubourg National",THIAIS,IL,Île-de-France,94320,FR,France,JosephRichard@armyspy.com,Theiren,Ne9oi8eicee,"Mozilla/5.0 (Windows NT 10.0; WOW64) AppleWebKit/537.36 (KHTML, like Gecko) Chrome/47.0.2526.106 Safari/537.36",01.58.58.39.50,33,Perrault,7/29/1989,Leo,MasterCard,5315456661983356,487,7/2019,"1890786759638 41","1Z 4A9 V88 34 5729 726 4",6753797205,87466181,Black,"Language pathologist","Peter Reeves","2004 Ferrari 575M Maranello",CheatCourse.fr,AB+,216.0,98.2,"5' 7""",171,48.721462,2.321479
3,female,French,Mrs.,Melusina,R,Cuillerier,"81 Boulevard de Normandie",FONTENAY-SOUS-BOIS,IL,Île-de-France,94120,FR,France,MelusinaCuillerier@einrot.com,Winiter66,aGh9ujuoY,"Mozilla/5.0 (Windows NT 6.1; WOW64) AppleWebKit/537.36 (KHTML, like Gecko) Chrome/46.0.2490.86 Safari/537.36",01.39.85.49.31,33,Compagnon,9/11/1966,Virgo,Visa,4485886808890212,305,5/2021,"2660915802901 59","1Z 2E0 3A1 44 2845 706 9",7597954282,16786680,Green,"Personnel recruiter","Brand Names","2011 Koenigsegg CCXR",CardPartnership.fr,A-,175.8,79.9,"5' 4""",163,48.815641,2.442996
4,female,French,Ms.,Phillipa,O,Dostie,"33 rue Charles Corbeau",FÉCAMP,HN,Haute-Normandie,76400,FR,France,PhillipaDostie@rhyta.com,Jectieut,Oogh6Yee,"Mozilla/5.0 (X11; Linux x86_64) AppleWebKit/537.36 (KHTML, like Gecko) Chrome/46.0.2490.86 Safari/537.36",02.08.31.68.09,33,Trudeau,11/14/1939,Scorpio,Visa,4716696402082442,369,10/2017,"2391192180480 83","1Z 119 A49 96 6896 040 5",2838271274,13136732,Black,"Construction equipment technician","Accord Investments","1994 BMW 520",ClimbingJackets.fr,O+,207.2,94.2,"5' 0""",152,49.742535,0.43615
5,female,French,Ms.,Blondelle,A,Ayot,"12 Rue Frédéric Chopin",VESOUL,FC,Franche-Comté,70000,FR,France,BlondelleAyot@teleworm.us,Ainal1956,oY8yoh7ae,"Mozilla/5.0 (Windows NT 10.0; WOW64) AppleWebKit/537.36 (KHTML, like Gecko) Chrome/47.0.2526.80 Safari/537.36",03.40.73.27.75,33,Arcouet,8/1/1956,Leo,MasterCard,5307987826156546,886,2/2018,"2560869642522 83","1Z A42 779 42 2348 757 2",9914506501,17414374,Silver,"Metal-refining furnace operator","Atlas Realty","2000 Ford Galaxy",CoolingJackets.fr,A+,133.3,60.6,"5' 4""",163,47.594277,6.099707
6,male,French,Mr.,Noël,P,Savard,"85 boulevard de Prague",NOISY-LE-GRAND,IL,Île-de-France,93160,FR,France,NoelSavard@cuvox.de,Begge2001,ahphi4GoRo,"Mozilla/5.0 (Windows NT 10.0; WOW64) AppleWebKit/537.36 (KHTML, like Gecko) Chrome/47.0.2526.106 Safari/537.36",01.64.46.83.06,33,Chaussée,12/13/2001,Sagittarius,Visa,4556066786387192,156,9/2019,"1011248566777 52","1Z 388 7E1 54 7805 467 5",1899125976,15994356,Blue,"Safety inspector",Acuserv,"2007 Alfa Romeo Crosswagon",PaymentSearch.fr,B+,117.0,53.2,"5' 9""",176,48.912024,2.528964